id;height;width
1;1;1
2;2;2
3;3;3
4;4;4
5;5;5
6;6;6
7;7;7
8;8;8
9;9;9
101;1;1
102;2;2
103;3;3
104;4;4
105;5;5
106;6;6
107;7;7
108;8;8
109;9;9
110;10;10
111;11;11
112;12;12
113;13;13
201;1;1
202;2;2
203;3;3
204;4;4
205;5;5
206;6;6
207;7;7
208;8;8
209;9;9
210;10;10
211;11;11
212;12;12
213;13;13
214;14;14
215;15;15
216;16;16
217;17;17
218;18;18
219;19;19
220;20;20
221;21;21
222;22;22
223;23;23
224;24;24
225;25;25
226;26;26
227;27;27
228;28;28
229;29;29
230;30;30
231;31;31
232;32;32
233;33;33
234;34;34
235;35;35
236;36;36
237;37;37
238;38;38
239;39;39
240;40;40
241;41;41
242;42;42
